Full Path,Class Name,Kind,All Methods,Average Blank Lines,Average Code Lines,Average Comment Lines,Average Cyclomatic Complexity,Average Lines,Base Classes,Blank Lines,Class Methods,Class Variables,Code Lines,Comment Lines,Comment to Code Ratio,Coupled Classes,Coupled Classes Modified,Declarative Code Lines,Declarative Statements,Default Methods,Derived Classes,Executable Code Lines,Executable Statements,Instance Methods,Instance Variables,Lines,Max Cyclomatic Complexity,Max Inheritance Tree,Max Nesting,Methods,Percent Lack of Cohesion,Percent Lack of Cohesion Modified,Private Methods,Protected Methods,Public Methods,Semicolons,Statements,Sum Cyclomatic Complexity,Code Smell
org.apache.livy.JobHandle.State,State,Enum Type,2.0,0.0,0.0,0.0,0.0,0.0,1.0,0.0,0.0,0.0,8.0,3.0,0.38,0.0,0.0,7.0,1.0,0.0,0.0,0.0,0.0,2.0,6.0,11.0,0.0,1.0,0.0,2.0,,,0.0,0.0,2.0,1.0,1.0,0.0,No
org.apache.livy.LivyClientBuilder,LivyClientBuilder,Public Final Class,8.0,1.0,12.0,3.0,3.0,15.0,1.0,17.0,0.0,1.0,96.0,26.0,0.27,17.0,17.0,21.0,22.0,0.0,0.0,60.0,48.0,8.0,1.0,139.0,11.0,1.0,4.0,8.0,25.0,13.0,1.0,0.0,7.0,38.0,65.0,23.0,No
org.apache.livy.TestClientFactory,TestClientFactory,Public Class,1.0,2.0,11.0,0.0,3.0,13.0,2.0,15.0,0.0,0.0,47.0,0.0,0.0,6.0,6.0,20.0,12.0,0.0,0.0,15.0,12.0,1.0,0.0,62.0,3.0,1.0,1.0,1.0,0.0,0.0,0.0,0.0,1.0,12.0,24.0,3.0,No
org.apache.livy.TestClientFactory.Client,Client,Public Static Class,8.0,0.0,4.0,0.0,1.0,4.0,2.0,10.0,0.0,0.0,34.0,0.0,0.0,8.0,8.0,17.0,10.0,0.0,0.0,8.0,8.0,8.0,1.0,44.0,1.0,1.0,0.0,8.0,88.0,88.0,1.0,0.0,7.0,9.0,18.0,8.0,No
org.apache.livy.TestLivyClientBuilder,TestLivyClientBuilder,Public Class,6.0,0.0,8.0,0.0,1.0,8.0,1.0,9.0,0.0,0.0,47.0,1.0,0.02,8.0,8.0,18.0,10.0,0.0,0.0,26.0,17.0,6.0,0.0,56.0,2.0,1.0,1.0,6.0,0.0,0.0,0.0,0.0,6.0,16.0,24.0,7.0,No
org.apache.livy.client.common.AbstractJobHandle,AbstractJobHandle,Public Abstract Generic Class,7.0,0.0,11.0,3.0,3.0,13.0,2.0,8.0,0.0,0.0,61.0,13.0,0.21,9.0,9.0,13.0,11.0,0.0,3.0,36.0,28.0,7.0,2.0,82.0,8.0,1.0,2.0,7.0,30.0,30.0,1.0,3.0,3.0,26.0,39.0,14.0,No
org.apache.livy.client.common.BufferUtils,BufferUtils,Public Class,1.0,0.0,11.0,0.0,2.0,11.0,1.0,2.0,1.0,0.0,14.0,3.0,0.21,2.0,2.0,4.0,3.0,0.0,0.0,7.0,5.0,0.0,0.0,19.0,2.0,1.0,1.0,1.0,0.0,0.0,0.0,0.0,1.0,5.0,8.0,2.0,No
org.apache.livy.client.common.ClientConf,ClientConf,Public Abstract Generic Class,20.0,0.0,8.0,0.0,2.0,9.0,2.0,41.0,0.0,2.0,188.0,26.0,0.14,24.0,24.0,59.0,54.0,0.0,3.0,102.0,88.0,20.0,3.0,255.0,5.0,1.0,3.0,20.0,85.0,57.0,6.0,3.0,11.0,80.0,126.0,40.0,No
org.apache.livy.client.common.ClientConf.ConfPair,ConfPair,Private Static Class,1.0,0.0,4.0,0.0,1.0,4.0,1.0,1.0,0.0,0.0,8.0,0.0,0.0,2.0,2.0,4.0,4.0,1.0,0.0,2.0,2.0,1.0,2.0,9.0,1.0,1.0,0.0,1.0,0.0,0.0,0.0,0.0,0.0,4.0,6.0,1.0,No
org.apache.livy.client.common.HttpMessages,HttpMessages,Public Class,0.0,0.0,0.0,0.0,0.0,0.0,1.0,30.0,0.0,0.0,81.0,10.0,0.12,1.0,1.0,36.0,34.0,0.0,0.0,26.0,26.0,0.0,0.0,121.0,0.0,1.0,0.0,0.0,0.0,0.0,0.0,0.0,0.0,41.0,60.0,0.0,No
org.apache.livy.client.common.HttpMessages.AddResource,AddResource,Public Static Class,2.0,0.0,3.0,0.0,1.0,3.0,2.0,4.0,0.0,0.0,9.0,0.0,0.0,1.0,1.0,4.0,4.0,0.0,0.0,2.0,2.0,2.0,1.0,13.0,1.0,1.0,0.0,2.0,50.0,0.0,1.0,0.0,1.0,3.0,6.0,2.0,No
org.apache.livy.client.common.HttpMessages.CreateClientRequest,CreateClientRequest,Public Static Class,2.0,0.0,3.0,0.0,1.0,3.0,2.0,4.0,0.0,0.0,9.0,0.0,0.0,1.0,1.0,4.0,4.0,0.0,0.0,2.0,2.0,2.0,1.0,13.0,1.0,1.0,0.0,2.0,50.0,0.0,1.0,0.0,1.0,3.0,6.0,2.0,No
org.apache.livy.client.common.HttpMessages.JobStatus,JobStatus,Public Static Class,2.0,1.0,8.0,2.0,3.0,11.0,2.0,6.0,0.0,0.0,21.0,4.0,0.19,3.0,3.0,7.0,7.0,0.0,0.0,9.0,9.0,2.0,4.0,31.0,4.0,1.0,1.0,2.0,50.0,0.0,1.0,0.0,1.0,11.0,16.0,5.0,No
org.apache.livy.client.common.HttpMessages.SerializedJob,SerializedJob,Public Static Class,2.0,0.0,4.0,0.0,1.0,4.0,2.0,4.0,0.0,0.0,11.0,0.0,0.0,1.0,1.0,5.0,5.0,0.0,0.0,3.0,3.0,2.0,2.0,15.0,1.0,1.0,0.0,2.0,50.0,0.0,1.0,0.0,1.0,5.0,8.0,2.0,No
org.apache.livy.client.common.HttpMessages.SessionInfo,SessionInfo,Public Static Class,2.0,0.0,8.0,0.0,1.0,8.0,2.0,4.0,0.0,0.0,26.0,0.0,0.0,3.0,3.0,13.0,12.0,0.0,0.0,10.0,10.0,2.0,9.0,30.0,1.0,1.0,0.0,2.0,50.0,0.0,1.0,0.0,1.0,19.0,22.0,2.0,No
org.apache.livy.client.common.Serializer,Serializer,Public Class,3.0,0.0,10.0,0.0,1.0,10.0,1.0,9.0,0.0,1.0,42.0,5.0,0.12,7.0,7.0,16.0,17.0,0.0,0.0,26.0,21.0,3.0,1.0,56.0,1.0,1.0,0.0,3.0,0.0,0.0,0.0,0.0,3.0,23.0,32.0,3.0,No
org.apache.livy.client.common.Serializer.ByteBufferOutputStream,ByteBufferOutputStream,Private Static Class,1.0,0.0,6.0,0.0,1.0,6.0,1.0,2.0,0.0,0.0,8.0,0.0,0.0,1.0,1.0,3.0,3.0,0.0,0.0,4.0,4.0,1.0,0.0,10.0,1.0,2.0,0.0,1.0,0.0,0.0,0.0,0.0,1.0,4.0,6.0,1.0,No
org.apache.livy.client.common.Serializer.Serializer.(Anon_1),(Anon_1),Anonymous Class,1.0,0.0,12.0,0.0,2.0,12.0,1.0,0.0,0.0,0.0,13.0,0.0,0.0,5.0,5.0,2.0,4.0,0.0,0.0,11.0,7.0,1.0,0.0,13.0,2.0,2.0,1.0,1.0,0.0,0.0,0.0,1.0,0.0,7.0,10.0,2.0,No
org.apache.livy.client.common.TestUtils,TestUtils,Public Class,1.0,5.0,30.0,8.0,6.0,43.0,1.0,7.0,1.0,0.0,33.0,11.0,0.33,9.0,9.0,11.0,10.0,0.0,0.0,22.0,21.0,0.0,0.0,51.0,6.0,1.0,2.0,1.0,0.0,0.0,0.0,0.0,1.0,17.0,24.0,6.0,No
org.apache.livy.client.common.TestAbstractJobHandle,TestAbstractJobHandle,Public Class,1.0,5.0,15.0,0.0,1.0,20.0,1.0,16.0,0.0,0.0,47.0,0.0,0.0,7.0,7.0,21.0,12.0,0.0,0.0,18.0,18.0,1.0,0.0,63.0,1.0,1.0,0.0,1.0,0.0,0.0,0.0,0.0,1.0,18.0,28.0,1.0,No
org.apache.livy.client.common.TestAbstractJobHandle.TestJobHandle,TestJobHandle,Private Static Class,14.0,0.0,4.0,0.0,1.0,4.0,1.0,8.0,0.0,0.0,30.0,0.0,0.0,5.0,5.0,15.0,8.0,0.0,0.0,7.0,7.0,7.0,0.0,38.0,1.0,2.0,0.0,7.0,0.0,0.0,0.0,2.0,5.0,7.0,15.0,7.0,No
org.apache.livy.client.common.TestBufferUtils,TestBufferUtils,Public Class,4.0,0.0,7.0,0.0,1.0,8.0,1.0,6.0,0.0,0.0,31.0,0.0,0.0,3.0,3.0,17.0,13.0,0.0,0.0,17.0,14.0,4.0,0.0,37.0,1.0,1.0,0.0,4.0,0.0,0.0,0.0,0.0,4.0,17.0,22.0,4.0,No
org.apache.livy.client.common.TestClientConf,TestClientConf,Public Class,6.0,3.0,16.0,0.0,2.0,19.0,1.0,45.0,0.0,0.0,156.0,2.0,0.01,7.0,7.0,63.0,39.0,0.0,0.0,93.0,88.0,6.0,0.0,203.0,3.0,1.0,1.0,6.0,0.0,0.0,0.0,0.0,6.0,93.0,116.0,9.0,No
org.apache.livy.client.common.TestClientConf.TestConf,TestConf,Private Static Class,23.0,0.0,3.0,0.0,1.0,3.0,1.0,18.0,0.0,2.0,60.0,0.0,0.0,3.0,3.0,40.0,21.0,1.0,0.0,20.0,18.0,3.0,0.0,78.0,1.0,2.0,0.0,3.0,0.0,0.0,0.0,2.0,0.0,25.0,37.0,3.0,No
org.apache.livy.client.common.TestClientConf.TestConf.(Anon_1),(Anon_1),Anonymous Class,0.0,0.0,0.0,0.0,0.0,0.0,1.0,0.0,0.0,0.0,2.0,0.0,0.0,3.0,3.0,1.0,0.0,0.0,0.0,2.0,1.0,0.0,0.0,2.0,0.0,2.0,0.0,0.0,0.0,0.0,0.0,0.0,0.0,1.0,1.0,0.0,No
org.apache.livy.client.common.TestClientConf.TestConf.(Anon_2),(Anon_2),Anonymous Class,0.0,0.0,0.0,0.0,0.0,0.0,1.0,0.0,0.0,0.0,2.0,0.0,0.0,1.0,1.0,1.0,0.0,0.0,0.0,2.0,1.0,0.0,0.0,2.0,0.0,2.0,0.0,0.0,0.0,0.0,0.0,0.0,0.0,1.0,1.0,0.0,No
org.apache.livy.client.common.TestClientConf.TestConf.DepConf,DepConf,Enum Type,7.0,0.0,2.0,0.0,1.0,2.0,2.0,6.0,0.0,0.0,21.0,0.0,0.0,2.0,2.0,14.0,9.0,0.0,0.0,7.0,7.0,7.0,5.0,27.0,1.0,1.0,0.0,7.0,,,2.0,0.0,5.0,11.0,16.0,5.0,No
org.apache.livy.client.common.TestClientConf.TestConf.Entry,Entry,Enum Type,5.0,0.0,2.0,0.0,1.0,2.0,2.0,5.0,0.0,0.0,20.0,0.0,0.0,2.0,2.0,16.0,6.0,0.0,0.0,4.0,4.0,5.0,10.0,25.0,1.0,1.0,0.0,5.0,,,1.0,0.0,4.0,7.0,10.0,3.0,No
org.apache.livy.client.common.TestHttpMessages,TestHttpMessages,Public Class,6.0,2.0,12.0,1.0,3.0,15.0,1.0,18.0,0.0,0.0,76.0,3.0,0.04,16.0,16.0,25.0,25.0,0.0,0.0,52.0,44.0,6.0,0.0,97.0,9.0,1.0,2.0,6.0,0.0,0.0,3.0,0.0,3.0,40.0,56.0,20.0,No
org.apache.livy.client.common.TestSerializer,TestSerializer,Public Class,5.0,0.0,6.0,0.0,1.0,6.0,1.0,10.0,0.0,1.0,41.0,0.0,0.0,8.0,8.0,21.0,19.0,0.0,0.0,18.0,18.0,5.0,0.0,51.0,2.0,1.0,1.0,5.0,0.0,0.0,2.0,0.0,3.0,20.0,30.0,6.0,No
org.apache.livy.client.common.TestSerializer.TestMessage,TestMessage,Private Static Class,2.0,0.0,3.0,0.0,1.0,3.0,1.0,2.0,0.0,0.0,9.0,0.0,0.0,1.0,1.0,4.0,4.0,2.0,0.0,2.0,2.0,2.0,1.0,11.0,1.0,1.0,0.0,2.0,50.0,0.0,0.0,0.0,0.0,3.0,6.0,2.0,No
org.apache.livy.client.common.TestTestUtils,TestTestUtils,Public Class,1.0,1.0,9.0,0.0,1.0,10.0,1.0,3.0,0.0,0.0,11.0,0.0,0.0,3.0,3.0,7.0,6.0,0.0,0.0,6.0,6.0,1.0,0.0,14.0,1.0,1.0,0.0,1.0,0.0,0.0,0.0,0.0,1.0,6.0,8.0,1.0,No
org.apache.livy.client.http.HttpClient,HttpClient,Class,13.0,0.0,9.0,0.0,2.0,10.0,2.0,22.0,0.0,0.0,120.0,11.0,0.09,25.0,25.0,39.0,34.0,2.0,0.0,68.0,53.0,13.0,6.0,153.0,5.0,1.0,3.0,13.0,77.0,59.0,4.0,0.0,7.0,51.0,77.0,21.0,No
org.apache.livy.client.http.HttpClient.HttpClient.(Anon_1),(Anon_1),Anonymous Class,1.0,0.0,6.0,0.0,1.0,6.0,1.0,0.0,0.0,0.0,7.0,0.0,0.0,4.0,4.0,1.0,2.0,0.0,0.0,6.0,3.0,1.0,0.0,7.0,1.0,2.0,0.0,1.0,0.0,0.0,0.0,0.0,1.0,3.0,4.0,1.0,No
org.apache.livy.client.http.HttpClient.addResource.(Anon_3),(Anon_3),Anonymous Class,1.0,0.0,6.0,0.0,1.0,6.0,1.0,0.0,0.0,0.0,7.0,0.0,0.0,6.0,6.0,2.0,2.0,0.0,0.0,6.0,3.0,1.0,0.0,7.0,1.0,2.0,0.0,1.0,0.0,0.0,0.0,0.0,1.0,3.0,4.0,1.0,No
org.apache.livy.client.http.HttpClient.uploadResource.(Anon_2),(Anon_2),Anonymous Class,1.0,0.0,5.0,0.0,1.0,5.0,1.0,0.0,0.0,0.0,6.0,0.0,0.0,4.0,4.0,1.0,1.0,0.0,0.0,5.0,2.0,1.0,0.0,6.0,1.0,2.0,0.0,1.0,0.0,0.0,0.0,0.0,1.0,2.0,3.0,1.0,No
org.apache.livy.client.http.HttpConf,HttpConf,Class,24.0,1.0,6.0,1.0,2.0,8.0,1.0,26.0,0.0,3.0,78.0,5.0,0.06,8.0,8.0,43.0,23.0,2.0,0.0,31.0,28.0,4.0,0.0,109.0,4.0,2.0,2.0,4.0,0.0,0.0,0.0,2.0,0.0,33.0,49.0,7.0,No
org.apache.livy.client.http.LivyConnection,LivyConnection,Class,8.0,1.0,18.0,0.0,2.0,20.0,1.0,22.0,0.0,2.0,152.0,6.0,0.04,44.0,44.0,53.0,39.0,6.0,0.0,94.0,60.0,8.0,4.0,180.0,8.0,1.0,3.0,8.0,69.0,9.0,2.0,0.0,0.0,58.0,83.0,19.0,No
org.apache.livy.client.http.JobHandleImpl,JobHandleImpl,Generic Class,19.0,1.0,12.0,1.0,2.0,13.0,1.0,32.0,0.0,0.0,199.0,10.0,0.05,20.0,20.0,58.0,43.0,2.0,0.0,109.0,90.0,12.0,14.0,241.0,8.0,2.0,3.0,12.0,83.0,77.0,3.0,2.0,5.0,83.0,126.0,26.0,Yes
org.apache.livy.client.http.HttpClientFactory,HttpClientFactory,Public Final Class,1.0,1.0,7.0,0.0,2.0,8.0,2.0,3.0,0.0,0.0,9.0,3.0,0.33,6.0,6.0,3.0,2.0,0.0,0.0,3.0,3.0,1.0,0.0,15.0,2.0,1.0,1.0,1.0,0.0,0.0,0.0,0.0,1.0,2.0,5.0,2.0,No
org.apache.livy.client.http.HttpConf.(Anon_1),(Anon_1),Anonymous Class,0.0,0.0,0.0,0.0,0.0,0.0,1.0,0.0,0.0,0.0,3.0,0.0,0.0,3.0,3.0,1.0,0.0,0.0,0.0,3.0,2.0,0.0,0.0,3.0,0.0,2.0,0.0,0.0,0.0,0.0,0.0,0.0,0.0,2.0,2.0,0.0,No
org.apache.livy.client.http.HttpConf.DepConf,DepConf,Enum Type,7.0,0.0,2.0,0.0,1.0,2.0,2.0,6.0,0.0,0.0,21.0,0.0,0.0,3.0,3.0,14.0,9.0,0.0,0.0,7.0,7.0,7.0,5.0,27.0,1.0,1.0,0.0,7.0,,,2.0,0.0,5.0,11.0,16.0,5.0,No
org.apache.livy.client.http.HttpConf.Entry,Entry,Enum Type,5.0,0.0,2.0,0.0,1.0,2.0,2.0,7.0,0.0,0.0,22.0,1.0,0.05,3.0,3.0,18.0,6.0,0.0,0.0,4.0,4.0,5.0,12.0,30.0,1.0,1.0,0.0,5.0,,,1.0,0.0,4.0,7.0,10.0,3.0,No
org.apache.livy.client.http.JobHandleImpl.JobPollTask,JobPollTask,Private Class,2.0,2.0,21.0,1.0,5.0,24.0,2.0,8.0,0.0,0.0,45.0,2.0,0.04,13.0,13.0,11.0,9.0,1.0,0.0,31.0,23.0,2.0,1.0,55.0,9.0,1.0,3.0,2.0,0.0,0.0,0.0,0.0,1.0,21.0,30.0,10.0,Yes
org.apache.livy.client.http.JobHandleImpl.sendCancelRequest.(Anon_2),(Anon_2),Anonymous Class,1.0,0.0,8.0,0.0,2.0,8.0,1.0,0.0,0.0,0.0,9.0,0.0,0.0,4.0,4.0,0.0,1.0,0.0,0.0,7.0,3.0,1.0,0.0,9.0,2.0,2.0,1.0,1.0,0.0,0.0,0.0,0.0,1.0,2.0,4.0,2.0,Yes
org.apache.livy.client.http.JobHandleImpl.start.(Anon_1),(Anon_1),Anonymous Class,1.0,3.0,15.0,0.0,3.0,18.0,1.0,3.0,0.0,0.0,16.0,0.0,0.0,10.0,10.0,3.0,3.0,0.0,0.0,13.0,8.0,1.0,0.0,19.0,3.0,2.0,2.0,1.0,0.0,0.0,0.0,0.0,1.0,6.0,9.0,3.0,Yes
org.apache.livy.client.http.LivyConnection.LivyConnection.(Anon_1),(Anon_1),Anonymous Class,4.0,0.0,4.0,0.0,1.0,4.0,1.0,3.0,0.0,0.0,17.0,0.0,0.0,4.0,4.0,1.0,4.0,0.0,0.0,13.0,4.0,4.0,0.0,20.0,1.0,2.0,0.0,4.0,0.0,0.0,0.0,0.0,4.0,4.0,8.0,4.0,No
org.apache.livy.client.http.LivyConnection.LivyConnection.(Anon_2),(Anon_2),Anonymous Class,2.0,0.0,4.0,0.0,1.0,4.0,1.0,1.0,0.0,0.0,9.0,0.0,0.0,3.0,3.0,0.0,2.0,0.0,0.0,7.0,2.0,2.0,0.0,10.0,1.0,2.0,0.0,2.0,0.0,0.0,0.0,0.0,2.0,2.0,4.0,2.0,No
org.apache.livy.examples.PiApp,PiApp,Public Class,1.0,4.0,23.0,0.0,4.0,27.0,1.0,4.0,1.0,0.0,25.0,6.0,0.24,8.0,8.0,6.0,6.0,0.0,0.0,17.0,14.0,0.0,0.0,35.0,4.0,1.0,3.0,1.0,0.0,0.0,0.0,0.0,1.0,10.0,17.0,4.0,No
org.apache.livy.examples.PiJob,PiJob,Class,4.0,0.0,6.0,0.0,2.0,6.0,4.0,6.0,0.0,0.0,29.0,0.0,0.0,7.0,7.0,16.0,11.0,0.0,0.0,10.0,11.0,4.0,2.0,35.0,2.0,1.0,1.0,4.0,50.0,50.0,0.0,0.0,4.0,13.0,19.0,6.0,No
org.apache.livy.rsc.BaseProtocol,BaseProtocol,Public Abstract Class,11.0,0.0,0.0,0.0,0.0,0.0,1.0,70.0,0.0,0.0,168.0,0.0,0.0,0.0,0.0,73.0,73.0,0.0,3.0,47.0,46.0,0.0,0.0,238.0,0.0,3.0,0.0,0.0,0.0,0.0,0.0,0.0,0.0,71.0,119.0,0.0,No
org.apache.livy.rsc.BaseProtocol.BypassJobRequest,BypassJobRequest,Public Static Class,2.0,0.0,5.0,0.0,1.0,5.0,1.0,4.0,0.0,0.0,15.0,0.0,0.0,1.0,1.0,7.0,7.0,0.0,0.0,5.0,5.0,2.0,4.0,19.0,1.0,1.0,0.0,2.0,50.0,0.0,0.0,0.0,2.0,9.0,12.0,2.0,No
org.apache.livy.rsc.BaseProtocol.CancelJob,CancelJob,Protected Static Class,2.0,0.0,3.0,0.0,1.0,3.0,1.0,4.0,0.0,0.0,9.0,0.0,0.0,1.0,1.0,4.0,4.0,2.0,0.0,2.0,2.0,2.0,1.0,13.0,1.0,1.0,0.0,2.0,50.0,0.0,0.0,0.0,0.0,3.0,6.0,2.0,No
org.apache.livy.rsc.BaseProtocol.CancelReplJobRequest,CancelReplJobRequest,Public Static Class,2.0,0.0,3.0,0.0,1.0,3.0,1.0,2.0,0.0,0.0,9.0,0.0,0.0,0.0,0.0,4.0,4.0,0.0,0.0,2.0,2.0,2.0,1.0,11.0,1.0,1.0,0.0,2.0,50.0,0.0,0.0,0.0,2.0,3.0,6.0,2.0,No
org.apache.livy.rsc.BaseProtocol.EndSession,EndSession,Protected Static Class,0.0,0.0,0.0,0.0,0.0,0.0,1.0,1.0,0.0,0.0,2.0,0.0,0.0,0.0,0.0,1.0,1.0,0.0,0.0,0.0,0.0,0.0,0.0,3.0,0.0,1.0,0.0,0.0,0.0,0.0,0.0,0.0,0.0,0.0,1.0,0.0,No
org.apache.livy.rsc.BaseProtocol.Error,Error,Protected Static Class,2.0,0.0,5.0,0.0,2.0,5.0,1.0,4.0,0.0,0.0,13.0,0.0,0.0,3.0,3.0,4.0,4.0,0.0,0.0,5.0,4.0,2.0,1.0,17.0,2.0,1.0,1.0,2.0,50.0,0.0,0.0,0.0,2.0,4.0,8.0,3.0,No
org.apache.livy.rsc.BaseProtocol.GetBypassJobStatus,GetBypassJobStatus,Protected Static Class,2.0,0.0,3.0,0.0,1.0,3.0,1.0,4.0,0.0,0.0,9.0,0.0,0.0,1.0,1.0,4.0,4.0,0.0,0.0,2.0,2.0,2.0,1.0,13.0,1.0,1.0,0.0,2.0,50.0,0.0,0.0,0.0,2.0,3.0,6.0,2.0,No
org.apache.livy.rsc.BaseProtocol.GetReplJobResults,GetReplJobResults,Public Static Class,2.0,0.0,5.0,0.0,1.0,5.0,1.0,2.0,0.0,0.0,14.0,0.0,0.0,1.0,1.0,5.0,5.0,0.0,0.0,6.0,6.0,2.0,3.0,16.0,1.0,1.0,0.0,2.0,0.0,0.0,0.0,0.0,2.0,8.0,11.0,2.0,No
org.apache.livy.rsc.BaseProtocol.InitializationError,InitializationError,Public Static Class,2.0,0.0,3.0,0.0,1.0,3.0,1.0,4.0,0.0,0.0,9.0,0.0,0.0,1.0,1.0,4.0,4.0,0.0,0.0,2.0,2.0,2.0,1.0,13.0,1.0,1.0,0.0,2.0,50.0,0.0,0.0,0.0,2.0,3.0,6.0,2.0,No
org.apache.livy.rsc.BaseProtocol.JobRequest,JobRequest,Protected Static Generic Class,2.0,0.0,4.0,0.0,1.0,4.0,1.0,4.0,0.0,0.0,11.0,0.0,0.0,2.0,2.0,5.0,5.0,0.0,0.0,3.0,3.0,2.0,2.0,15.0,1.0,1.0,0.0,2.0,50.0,0.0,0.0,0.0,2.0,5.0,8.0,2.0,No
org.apache.livy.rsc.BaseProtocol.JobResult,JobResult,Protected Static Generic Class,2.0,0.0,4.0,0.0,2.0,4.0,1.0,4.0,0.0,0.0,13.0,0.0,0.0,3.0,3.0,6.0,6.0,0.0,0.0,4.0,4.0,2.0,3.0,17.0,2.0,1.0,0.0,2.0,50.0,0.0,0.0,0.0,2.0,7.0,10.0,3.0,No
org.apache.livy.rsc.BaseProtocol.JobStarted,JobStarted,Protected Static Class,2.0,0.0,3.0,0.0,1.0,3.0,1.0,4.0,0.0,0.0,9.0,0.0,0.0,1.0,1.0,4.0,4.0,0.0,0.0,2.0,2.0,2.0,1.0,13.0,1.0,1.0,0.0,2.0,50.0,0.0,0.0,0.0,2.0,3.0,6.0,2.0,No
org.apache.livy.rsc.BaseProtocol.RemoteDriverAddress,RemoteDriverAddress,Public Static Class,2.0,0.0,4.0,0.0,1.0,4.0,1.0,4.0,0.0,0.0,11.0,0.0,0.0,1.0,1.0,5.0,5.0,0.0,0.0,3.0,3.0,2.0,2.0,15.0,1.0,1.0,0.0,2.0,50.0,0.0,0.0,0.0,2.0,5.0,8.0,2.0,No
org.apache.livy.rsc.BaseProtocol.ReplCompleteRequest,ReplCompleteRequest,Public Static Class,2.0,0.0,4.0,0.0,1.0,4.0,1.0,2.0,0.0,0.0,13.0,0.0,0.0,1.0,1.0,6.0,6.0,0.0,0.0,4.0,4.0,2.0,3.0,15.0,1.0,1.0,0.0,2.0,50.0,0.0,0.0,0.0,2.0,7.0,10.0,2.0,No
org.apache.livy.rsc.BaseProtocol.ReplJobRequest,ReplJobRequest,Public Static Class,2.0,0.0,4.0,0.0,1.0,4.0,1.0,3.0,0.0,0.0,11.0,0.0,0.0,1.0,1.0,5.0,5.0,0.0,0.0,3.0,3.0,2.0,2.0,14.0,1.0,1.0,0.0,2.0,50.0,0.0,0.0,0.0,2.0,5.0,8.0,2.0,No
org.apache.livy.rsc.BaseProtocol.ReplState,ReplState,Protected Static Class,2.0,0.0,3.0,0.0,1.0,3.0,1.0,3.0,0.0,0.0,9.0,0.0,0.0,1.0,1.0,4.0,4.0,0.0,0.0,2.0,2.0,2.0,1.0,12.0,1.0,1.0,0.0,2.0,50.0,0.0,0.0,0.0,2.0,3.0,6.0,2.0,No
org.apache.livy.rsc.BaseProtocol.SyncJobRequest,SyncJobRequest,Protected Static Generic Class,2.0,0.0,3.0,0.0,1.0,3.0,1.0,4.0,0.0,0.0,9.0,0.0,0.0,1.0,1.0,4.0,4.0,0.0,0.0,2.0,2.0,2.0,1.0,13.0,1.0,1.0,0.0,2.0,50.0,0.0,0.0,0.0,2.0,3.0,6.0,2.0,No
org.apache.livy.rsc.rpc.RpcDispatcher,RpcDispatcher,Public Abstract Class,11.0,0.0,12.0,1.0,3.0,13.0,1.0,20.0,0.0,1.0,147.0,20.0,0.14,24.0,24.0,31.0,26.0,2.0,2.0,94.0,75.0,11.0,3.0,187.0,8.0,2.0,3.0,11.0,79.0,67.0,5.0,2.0,2.0,63.0,93.0,32.0,No
org.apache.livy.rsc.Utils,Utils,Public Class,10.0,0.0,7.0,0.0,2.0,7.0,1.0,13.0,9.0,0.0,70.0,4.0,0.06,13.0,13.0,14.0,18.0,0.0,0.0,39.0,31.0,1.0,0.0,87.0,4.0,1.0,2.0,10.0,0.0,0.0,1.0,0.0,9.0,22.0,45.0,18.0,No
org.apache.livy.rsc.BypassJobStatus,BypassJobStatus,Public Class,2.0,0.0,4.0,0.0,1.0,4.0,1.0,4.0,0.0,0.0,13.0,0.0,0.0,2.0,2.0,6.0,6.0,1.0,0.0,4.0,4.0,2.0,3.0,17.0,1.0,1.0,0.0,2.0,50.0,0.0,0.0,0.0,1.0,7.0,10.0,2.0,No
org.apache.livy.rsc.ContextInfo,ContextInfo,Class,1.0,0.0,6.0,0.0,1.0,6.0,1.0,3.0,0.0,0.0,12.0,3.0,0.25,1.0,1.0,6.0,6.0,1.0,0.0,4.0,4.0,1.0,4.0,18.0,1.0,1.0,0.0,1.0,0.0,0.0,0.0,0.0,0.0,8.0,10.0,1.0,No
org.apache.livy.rsc.ContextLauncher,ContextLauncher,Class,7.0,3.0,25.0,4.0,4.0,33.0,1.0,55.0,4.0,7.0,323.0,35.0,0.11,39.0,39.0,83.0,85.0,1.0,0.0,217.0,178.0,3.0,7.0,413.0,11.0,1.0,4.0,7.0,75.0,57.0,6.0,0.0,0.0,161.0,228.0,29.0,No
org.apache.livy.rsc.ContextLauncher.ChildProcess,ChildProcess,Private Static Class,6.0,1.0,14.0,0.0,2.0,15.0,1.0,10.0,0.0,0.0,91.0,1.0,0.01,11.0,11.0,19.0,20.0,0.0,0.0,60.0,48.0,6.0,5.0,102.0,4.0,1.0,1.0,6.0,50.0,47.0,2.0,0.0,4.0,46.0,63.0,10.0,No
org.apache.livy.rsc.ContextLauncher.ChildProcess.ChildProcess.(Anon_5),(Anon_5),Anonymous Class,1.0,0.0,19.0,0.0,4.0,19.0,1.0,0.0,0.0,0.0,20.0,0.0,0.0,8.0,8.0,2.0,2.0,0.0,0.0,17.0,11.0,1.0,0.0,20.0,4.0,2.0,2.0,1.0,0.0,0.0,0.0,0.0,1.0,9.0,12.0,4.0,No
org.apache.livy.rsc.ContextLauncher.ChildProcess.monitor.(Anon_6),(Anon_6),Anonymous Class,1.0,0.0,8.0,0.0,1.0,8.0,1.0,0.0,0.0,0.0,9.0,0.0,0.0,2.0,2.0,1.0,1.0,0.0,0.0,7.0,3.0,1.0,0.0,9.0,1.0,2.0,1.0,1.0,0.0,0.0,0.0,0.0,1.0,2.0,4.0,1.0,No
org.apache.livy.rsc.ContextLauncher.ChildProcess.monitor.(Anon_7),(Anon_7),Anonymous Class,1.0,0.0,5.0,0.0,1.0,5.0,1.0,0.0,0.0,0.0,6.0,0.0,0.0,5.0,5.0,0.0,1.0,0.0,0.0,5.0,2.0,1.0,0.0,6.0,1.0,2.0,0.0,1.0,0.0,0.0,0.0,0.0,1.0,2.0,3.0,1.0,No
org.apache.livy.rsc.ContextLauncher.RegistrationHandler,RegistrationHandler,Private Class,15.0,0.0,8.0,0.0,2.0,9.0,2.0,8.0,0.0,0.0,38.0,0.0,0.0,8.0,8.0,13.0,11.0,1.0,0.0,20.0,15.0,4.0,2.0,46.0,2.0,4.0,1.0,4.0,63.0,63.0,1.0,0.0,2.0,15.0,23.0,6.0,No
org.apache.livy.rsc.ContextLauncher.RegistrationHandler.handle.(Anon_4),(Anon_4),Anonymous Class,1.0,0.0,5.0,0.0,1.0,5.0,1.0,0.0,0.0,0.0,6.0,0.0,0.0,3.0,3.0,0.0,1.0,0.0,0.0,5.0,2.0,1.0,0.0,6.0,1.0,2.0,0.0,1.0,0.0,0.0,0.0,0.0,1.0,2.0,3.0,1.0,No
org.apache.livy.rsc.ContextLauncher.ContextLauncher.(Anon_1),(Anon_1),Anonymous Class,3.0,0.0,6.0,1.0,2.0,7.0,1.0,0.0,0.0,0.0,7.0,1.0,0.14,5.0,5.0,0.0,1.0,0.0,0.0,5.0,2.0,1.0,0.0,8.0,2.0,2.0,1.0,1.0,0.0,0.0,0.0,0.0,1.0,1.0,3.0,2.0,No
org.apache.livy.rsc.ContextLauncher.ContextLauncher.(Anon_2),(Anon_2),Anonymous Class,1.0,0.0,4.0,0.0,1.0,4.0,1.0,0.0,0.0,0.0,5.0,0.0,0.0,2.0,2.0,1.0,1.0,0.0,0.0,4.0,1.0,1.0,0.0,5.0,1.0,2.0,0.0,1.0,0.0,0.0,0.0,0.0,1.0,1.0,2.0,1.0,No
org.apache.livy.rsc.ContextLauncher.startDriver.(Anon_3),(Anon_3),Anonymous Class,1.0,0.0,8.0,0.0,2.0,8.0,1.0,0.0,0.0,0.0,9.0,0.0,0.0,6.0,6.0,1.0,1.0,0.0,0.0,7.0,3.0,1.0,0.0,9.0,2.0,2.0,1.0,1.0,0.0,0.0,0.0,0.0,1.0,2.0,4.0,2.0,No
org.apache.livy.rsc.driver.RSCDriverBootstrapper,RSCDriverBootstrapper,Public Final Class,1.0,9.0,45.0,0.0,8.0,54.0,1.0,11.0,1.0,0.0,47.0,7.0,0.15,12.0,12.0,12.0,12.0,0.0,0.0,36.0,28.0,0.0,0.0,65.0,8.0,1.0,2.0,1.0,0.0,0.0,0.0,0.0,1.0,22.0,32.0,8.0,No
org.apache.livy.rsc.rpc.Rpc,Rpc,Public Class,10.0,1.0,18.0,3.0,2.0,22.0,2.0,53.0,4.0,5.0,308.0,37.0,0.12,40.0,40.0,114.0,81.0,3.0,0.0,173.0,125.0,6.0,6.0,398.0,9.0,1.0,2.0,10.0,73.0,38.0,2.0,0.0,5.0,134.0,188.0,21.0,No
org.apache.livy.rsc.rpc.RpcServer,RpcServer,Public Class,10.0,0.0,12.0,3.0,2.0,15.0,2.0,37.0,0.0,2.0,227.0,50.0,0.22,29.0,29.0,75.0,67.0,0.0,0.0,130.0,96.0,10.0,8.0,314.0,5.0,1.0,2.0,10.0,76.0,75.0,2.0,0.0,8.0,103.0,150.0,19.0,No
org.apache.livy.rsc.RSCConf.Entry,Entry,Public Enum Type,5.0,0.0,2.0,0.0,1.0,2.0,2.0,13.0,0.0,0.0,43.0,5.0,0.12,3.0,3.0,39.0,6.0,0.0,0.0,4.0,4.0,5.0,33.0,61.0,1.0,1.0,0.0,5.0,,,1.0,0.0,4.0,7.0,10.0,3.0,No
org.apache.livy.rsc.RSCConf,RSCConf,Public Class,26.0,1.0,8.0,1.0,2.0,9.0,1.0,35.0,0.0,5.0,139.0,11.0,0.08,13.0,13.0,83.0,34.0,0.0,0.0,57.0,47.0,6.0,0.0,185.0,5.0,2.0,4.0,6.0,0.0,0.0,0.0,2.0,4.0,52.0,72.0,11.0,No
org.apache.livy.rsc.RSCClientFactory,RSCClientFactory,Public Final Class,6.0,1.0,10.0,2.0,2.0,12.0,2.0,12.0,2.0,1.0,66.0,13.0,0.2,18.0,18.0,19.0,18.0,2.0,0.0,42.0,35.0,4.0,2.0,91.0,5.0,1.0,2.0,6.0,67.0,56.0,2.0,0.0,2.0,32.0,47.0,14.0,No
org.apache.livy.rsc.DriverProcessInfo,DriverProcessInfo,Public Class,3.0,0.0,3.0,0.0,1.0,3.0,1.0,4.0,0.0,0.0,14.0,3.0,0.21,2.0,2.0,6.0,6.0,0.0,0.0,4.0,4.0,3.0,2.0,21.0,1.0,1.0,0.0,3.0,33.0,33.0,0.0,0.0,3.0,6.0,10.0,3.0,No
org.apache.livy.rsc.FutureListener,FutureListener,Public Abstract Generic Class,2.0,0.0,1.0,0.0,1.0,1.0,1.0,3.0,0.0,0.0,4.0,1.0,0.25,2.0,2.0,3.0,3.0,0.0,9.0,0.0,0.0,2.0,0.0,8.0,1.0,1.0,0.0,2.0,0.0,0.0,0.0,0.0,2.0,0.0,3.0,2.0,No
org.apache.livy.rsc.driver.AddFileJob,AddFileJob,Public Class,3.0,0.0,4.0,0.0,1.0,4.0,2.0,4.0,0.0,0.0,15.0,0.0,0.0,5.0,5.0,7.0,6.0,1.0,0.0,5.0,4.0,3.0,1.0,19.0,1.0,1.0,0.0,3.0,33.0,0.0,0.0,0.0,2.0,6.0,10.0,3.0,No
org.apache.livy.rsc.driver.JobContextImpl,JobContextImpl,Class,15.0,0.0,6.0,0.0,1.0,6.0,2.0,21.0,0.0,0.0,96.0,2.0,0.02,18.0,18.0,38.0,25.0,0.0,0.0,37.0,34.0,15.0,5.0,119.0,2.0,1.0,1.0,15.0,73.0,73.0,0.0,0.0,15.0,36.0,58.0,17.0,No
org.apache.livy.rsc.driver.AddJarJob,AddJarJob,Public Class,3.0,0.0,4.0,0.0,1.0,4.0,2.0,4.0,0.0,0.0,14.0,1.0,0.07,5.0,5.0,7.0,6.0,0.0,0.0,5.0,4.0,3.0,1.0,19.0,1.0,1.0,0.0,3.0,33.0,0.0,1.0,0.0,2.0,6.0,10.0,3.0,No
org.apache.livy.rsc.driver.BypassJob,BypassJob,Class,2.0,0.0,9.0,0.0,2.0,9.0,2.0,4.0,0.0,0.0,21.0,0.0,0.0,6.0,6.0,10.0,9.0,1.0,0.0,10.0,9.0,2.0,2.0,25.0,2.0,1.0,1.0,2.0,0.0,0.0,0.0,0.0,1.0,11.0,15.0,3.0,No
org.apache.livy.rsc.driver.BypassJobWrapper,BypassJobWrapper,Public Class,13.0,0.0,7.0,0.0,2.0,8.0,1.0,11.0,0.0,0.0,55.0,3.0,0.05,12.0,12.0,18.0,14.0,2.0,0.0,27.0,22.0,7.0,4.0,69.0,5.0,2.0,2.0,7.0,75.0,64.0,1.0,2.0,2.0,22.0,35.0,14.0,No
org.apache.livy.rsc.driver.JobWrapper,JobWrapper,Public Generic Class,6.0,0.0,9.0,1.0,2.0,9.0,2.0,14.0,0.0,1.0,59.0,4.0,0.07,14.0,14.0,15.0,14.0,2.0,1.0,34.0,28.0,6.0,5.0,77.0,3.0,1.0,2.0,6.0,43.0,43.0,0.0,2.0,2.0,27.0,40.0,12.0,No
org.apache.livy.rsc.driver.RSCDriver,RSCDriver,Public Class,40.0,1.0,12.0,1.0,2.0,14.0,1.0,62.0,0.0,1.0,354.0,37.0,0.1,65.0,65.0,81.0,81.0,5.0,0.0,223.0,190.0,29.0,16.0,453.0,6.0,4.0,3.0,29.0,88.0,78.0,7.0,7.0,10.0,162.0,244.0,67.0,Yes
org.apache.livy.rsc.driver.JobContextImpl.JobContextImpl.(Anon_1),(Anon_1),Anonymous Class,1.0,0.0,4.0,0.0,1.0,4.0,1.0,0.0,0.0,0.0,5.0,0.0,0.0,3.0,3.0,0.0,1.0,0.0,0.0,4.0,1.0,1.0,0.0,5.0,1.0,2.0,0.0,1.0,0.0,0.0,0.0,1.0,0.0,1.0,2.0,1.0,No
org.apache.livy.rsc.driver.SparkEntries,SparkEntries,Public Class,6.0,1.0,15.0,0.0,4.0,15.0,1.0,11.0,0.0,1.0,96.0,0.0,0.0,14.0,14.0,23.0,21.0,0.0,0.0,59.0,50.0,6.0,5.0,107.0,7.0,1.0,5.0,6.0,73.0,57.0,0.0,0.0,6.0,37.0,62.0,22.0,No
org.apache.livy.rsc.driver.MutableClassLoader,MutableClassLoader,Class,2.0,0.0,4.0,0.0,1.0,4.0,1.0,3.0,0.0,0.0,9.0,0.0,0.0,3.0,3.0,4.0,3.0,1.0,0.0,2.0,2.0,2.0,0.0,12.0,1.0,2.0,0.0,2.0,0.0,0.0,0.0,0.0,1.0,2.0,5.0,2.0,No
org.apache.livy.rsc.driver.RSCDriver.initializeServer.(Anon_1),(Anon_1),Anonymous Class,2.0,0.0,5.0,0.0,1.0,5.0,2.0,1.0,0.0,0.0,10.0,0.0,0.0,4.0,4.0,0.0,2.0,0.0,0.0,8.0,3.0,2.0,0.0,11.0,1.0,1.0,0.0,2.0,0.0,0.0,0.0,0.0,2.0,3.0,5.0,2.0,Yes
org.apache.livy.rsc.driver.RSCDriver.registerClient.(Anon_2),(Anon_2),Anonymous Class,3.0,0.0,7.0,0.0,2.0,7.0,1.0,0.0,0.0,0.0,8.0,0.0,0.0,3.0,3.0,0.0,1.0,0.0,0.0,6.0,3.0,1.0,0.0,8.0,2.0,2.0,1.0,1.0,0.0,0.0,0.0,0.0,1.0,2.0,4.0,2.0,Yes
org.apache.livy.rsc.driver.RSCDriver.setupIdleTimeout.(Anon_3),(Anon_3),Anonymous Class,1.0,0.0,5.0,0.0,1.0,5.0,1.0,0.0,0.0,0.0,6.0,0.0,0.0,3.0,3.0,1.0,1.0,0.0,0.0,5.0,2.0,1.0,0.0,6.0,1.0,2.0,0.0,1.0,0.0,0.0,0.0,0.0,1.0,2.0,3.0,1.0,Yes
org.apache.livy.rsc.driver.Statement,Statement,Public Class,4.0,0.0,6.0,0.0,2.0,6.0,1.0,4.0,0.0,0.0,34.0,0.0,0.0,5.0,5.0,13.0,12.0,0.0,0.0,16.0,13.0,4.0,7.0,38.0,2.0,1.0,1.0,4.0,71.0,54.0,0.0,0.0,4.0,18.0,25.0,6.0,No
org.apache.livy.rsc.driver.StatementState,StatementState,Public Enum Type,8.0,0.0,4.0,0.0,1.0,4.0,1.0,11.0,3.0,2.0,50.0,0.0,0.0,8.0,8.0,22.0,12.0,4.0,0.0,19.0,19.0,5.0,6.0,61.0,3.0,1.0,2.0,8.0,,,0.0,0.0,4.0,19.0,29.0,9.0,No
org.apache.livy.rsc.JobHandleImpl,JobHandleImpl,Generic Class,17.0,0.0,5.0,0.0,1.0,6.0,1.0,12.0,0.0,0.0,58.0,6.0,0.1,11.0,11.0,24.0,15.0,3.0,0.0,20.0,20.0,10.0,4.0,76.0,2.0,2.0,1.0,10.0,65.0,65.0,0.0,2.0,5.0,21.0,35.0,11.0,No
org.apache.livy.rsc.RSCClient,RSCClient,Public Class,25.0,1.0,8.0,1.0,1.0,9.0,2.0,55.0,0.0,2.0,312.0,21.0,0.07,44.0,44.0,82.0,80.0,2.0,0.0,185.0,130.0,25.0,13.0,385.0,8.0,1.0,4.0,25.0,89.0,82.0,3.0,0.0,20.0,123.0,192.0,36.0,Yes
org.apache.livy.rsc.PingJob,PingJob,Public Class,1.0,0.0,4.0,0.0,1.0,4.0,2.0,2.0,0.0,0.0,6.0,1.0,0.17,3.0,3.0,3.0,2.0,0.0,0.0,1.0,1.0,1.0,0.0,9.0,1.0,1.0,0.0,1.0,0.0,0.0,0.0,0.0,1.0,1.0,3.0,1.0,No
org.apache.livy.rsc.ReplJobResults,ReplJobResults,Public Class,2.0,0.0,3.0,0.0,1.0,3.0,1.0,2.0,0.0,0.0,9.0,0.0,0.0,1.0,1.0,4.0,4.0,0.0,0.0,2.0,2.0,2.0,1.0,11.0,1.0,1.0,0.0,2.0,50.0,0.0,0.0,0.0,2.0,3.0,6.0,2.0,No
org.apache.livy.rsc.rpc.KryoMessageCodec,KryoMessageCodec,Class,9.0,1.0,9.0,0.0,2.0,10.0,1.0,23.0,0.0,1.0,95.0,5.0,0.05,13.0,13.0,31.0,26.0,1.0,0.0,52.0,46.0,9.0,3.0,123.0,4.0,2.0,1.0,9.0,67.0,44.0,4.0,2.0,2.0,48.0,66.0,16.0,No
org.apache.livy.rsc.rpc.Rpc.MessageHeader,MessageHeader,Static Class,2.0,0.0,4.0,0.0,1.0,4.0,1.0,3.0,0.0,0.0,11.0,0.0,0.0,1.0,1.0,5.0,5.0,2.0,0.0,3.0,3.0,2.0,2.0,14.0,1.0,1.0,0.0,2.0,50.0,0.0,0.0,0.0,0.0,5.0,8.0,2.0,No
org.apache.livy.rsc.rpc.Rpc.MessageType,MessageType,Enum Type,2.0,0.0,0.0,0.0,0.0,0.0,1.0,0.0,0.0,0.0,5.0,0.0,0.0,0.0,0.0,4.0,1.0,0.0,0.0,0.0,0.0,2.0,3.0,5.0,0.0,1.0,0.0,2.0,,,0.0,0.0,2.0,1.0,1.0,0.0,No
org.apache.livy.rsc.rpc.Rpc.NullMessage,NullMessage,Static Class,0.0,0.0,0.0,0.0,0.0,0.0,1.0,1.0,0.0,0.0,2.0,0.0,0.0,0.0,0.0,1.0,1.0,0.0,0.0,0.0,0.0,0.0,0.0,3.0,0.0,1.0,0.0,0.0,0.0,0.0,0.0,0.0,0.0,0.0,1.0,0.0,No
org.apache.livy.rsc.rpc.Rpc.SaslClientHandler,SaslClientHandler,Private Static Class,21.0,0.0,7.0,0.0,2.0,7.0,2.0,14.0,0.0,0.0,87.0,1.0,0.01,20.0,20.0,39.0,23.0,2.0,0.0,36.0,33.0,11.0,7.0,102.0,5.0,3.0,2.0,11.0,71.0,71.0,0.0,5.0,4.0,35.0,54.0,19.0,No
org.apache.livy.rsc.rpc.Rpc.SaslMessage,SaslMessage,Static Class,3.0,0.0,3.0,0.0,1.0,3.0,1.0,4.0,0.0,0.0,14.0,0.0,0.0,1.0,1.0,6.0,6.0,3.0,0.0,4.0,4.0,3.0,2.0,18.0,1.0,1.0,0.0,3.0,67.0,0.0,0.0,0.0,0.0,6.0,10.0,3.0,No
org.apache.livy.rsc.rpc.Rpc.Rpc.(Anon_5),(Anon_5),Anonymous Class,1.0,0.0,5.0,0.0,1.0,5.0,1.0,0.0,0.0,0.0,6.0,0.0,0.0,4.0,4.0,0.0,1.0,0.0,0.0,5.0,2.0,1.0,0.0,6.0,1.0,2.0,0.0,1.0,0.0,0.0,0.0,0.0,1.0,2.0,3.0,1.0,No
org.apache.livy.rsc.rpc.Rpc.call.(Anon_6),(Anon_6),Anonymous Class,1.0,0.0,9.0,0.0,2.0,9.0,1.0,0.0,0.0,0.0,10.0,0.0,0.0,4.0,4.0,1.0,1.0,0.0,0.0,8.0,5.0,1.0,0.0,10.0,2.0,2.0,1.0,1.0,0.0,0.0,0.0,0.0,1.0,4.0,6.0,2.0,No
org.apache.livy.rsc.rpc.Rpc.call.(Anon_7),(Anon_7),Anonymous Class,1.0,0.0,5.0,0.0,1.0,5.0,1.0,0.0,0.0,0.0,6.0,0.0,0.0,4.0,4.0,0.0,1.0,0.0,0.0,5.0,2.0,1.0,0.0,6.0,1.0,2.0,0.0,1.0,0.0,0.0,0.0,0.0,1.0,2.0,3.0,1.0,No
org.apache.livy.rsc.rpc.Rpc.createClient.(Anon_1),(Anon_1),Anonymous Class,0.0,0.0,0.0,0.0,0.0,0.0,1.0,0.0,0.0,0.0,0.0,0.0,0.0,0.0,0.0,0.0,0.0,0.0,0.0,0.0,0.0,0.0,0.0,0.0,0.0,2.0,0.0,0.0,0.0,0.0,0.0,0.0,0.0,0.0,0.0,0.0,No
org.apache.livy.rsc.rpc.Rpc.createClient.(Anon_2),(Anon_2),Anonymous Class,1.0,0.0,4.0,0.0,1.0,4.0,1.0,0.0,0.0,0.0,5.0,0.0,0.0,3.0,3.0,1.0,1.0,0.0,0.0,4.0,1.0,1.0,0.0,5.0,1.0,2.0,0.0,1.0,0.0,0.0,0.0,0.0,1.0,1.0,2.0,1.0,No
org.apache.livy.rsc.rpc.Rpc.createClient.(Anon_3),(Anon_3),Anonymous Class,1.0,0.0,12.0,0.0,2.0,12.0,1.0,0.0,0.0,0.0,13.0,0.0,0.0,6.0,6.0,3.0,3.0,0.0,0.0,11.0,6.0,1.0,0.0,13.0,2.0,2.0,1.0,1.0,0.0,0.0,0.0,0.0,1.0,5.0,7.0,2.0,No
org.apache.livy.rsc.rpc.Rpc.createClient.(Anon_4),(Anon_4),Anonymous Class,1.0,0.0,6.0,0.0,2.0,6.0,1.0,0.0,0.0,0.0,7.0,0.0,0.0,3.0,3.0,0.0,1.0,0.0,0.0,5.0,2.0,1.0,0.0,7.0,2.0,2.0,1.0,1.0,0.0,0.0,0.0,0.0,1.0,1.0,3.0,2.0,No
org.apache.livy.rsc.rpc.SaslHandler,SaslHandler,Abstract Class,10.0,1.0,10.0,0.0,2.0,11.0,2.0,15.0,0.0,0.0,60.0,11.0,0.18,15.0,15.0,22.0,17.0,1.0,2.0,30.0,28.0,10.0,4.0,86.0,5.0,2.0,2.0,10.0,60.0,60.0,0.0,7.0,2.0,32.0,43.0,10.0,No
org.apache.livy.rsc.rpc.RpcDispatcher.OutstandingRpc,OutstandingRpc,Private Static Class,1.0,0.0,5.0,0.0,1.0,5.0,1.0,1.0,0.0,0.0,9.0,0.0,0.0,2.0,2.0,5.0,4.0,1.0,0.0,2.0,2.0,1.0,2.0,10.0,1.0,1.0,0.0,1.0,0.0,0.0,0.0,0.0,0.0,4.0,6.0,1.0,No
org.apache.livy.rsc.rpc.RpcException,RpcException,Public Class,1.0,0.0,3.0,0.0,1.0,3.0,1.0,2.0,0.0,0.0,5.0,0.0,0.0,1.0,1.0,2.0,2.0,1.0,0.0,1.0,1.0,1.0,0.0,7.0,1.0,2.0,0.0,1.0,0.0,0.0,0.0,0.0,0.0,1.0,3.0,1.0,No
org.apache.livy.rsc.rpc.RpcServer.ClientInfo,ClientInfo,Private Static Class,1.0,0.0,5.0,0.0,1.0,5.0,1.0,3.0,0.0,0.0,10.0,0.0,0.0,2.0,2.0,5.0,5.0,0.0,0.0,3.0,3.0,1.0,3.0,13.0,1.0,1.0,0.0,1.0,0.0,0.0,1.0,0.0,0.0,6.0,8.0,1.0,No
org.apache.livy.rsc.rpc.RpcServer.PortRangeSchema,PortRangeSchema,Private Enum Type,2.0,0.0,0.0,0.0,0.0,0.0,1.0,0.0,0.0,0.0,1.0,0.0,0.0,0.0,0.0,1.0,1.0,0.0,0.0,0.0,0.0,2.0,3.0,1.0,0.0,1.0,0.0,2.0,,,0.0,0.0,2.0,1.0,1.0,0.0,No
org.apache.livy.rsc.rpc.RpcServer.SaslServerHandler,SaslServerHandler,Private Class,20.0,0.0,7.0,0.0,2.0,8.0,2.0,16.0,0.0,0.0,81.0,4.0,0.05,23.0,23.0,27.0,19.0,1.0,0.0,39.0,33.0,10.0,5.0,101.0,6.0,3.0,2.0,10.0,70.0,70.0,0.0,5.0,4.0,31.0,52.0,19.0,No
org.apache.livy.rsc.rpc.RpcServer.getChannel.(Anon_1),(Anon_1),Anonymous Class,1.0,1.0,16.0,0.0,1.0,17.0,1.0,1.0,0.0,0.0,17.0,0.0,0.0,10.0,10.0,4.0,5.0,0.0,0.0,14.0,7.0,1.0,0.0,18.0,1.0,2.0,0.0,1.0,0.0,0.0,0.0,0.0,1.0,7.0,9.0,1.0,No
org.apache.livy.rsc.rpc.RpcServer.getChannel.(Anon_1).initChannel.(Anon_2),(Anon_2),Anonymous Class,1.0,0.0,5.0,0.0,1.0,5.0,1.0,0.0,0.0,0.0,6.0,0.0,0.0,4.0,4.0,1.0,1.0,0.0,0.0,5.0,2.0,1.0,0.0,6.0,1.0,2.0,0.0,1.0,0.0,0.0,0.0,0.0,1.0,2.0,3.0,1.0,No
org.apache.livy.rsc.RSCClient.ClientProtocol,ClientProtocol,Private Class,21.0,0.0,9.0,0.0,2.0,9.0,1.0,14.0,0.0,0.0,88.0,2.0,0.02,31.0,31.0,24.0,24.0,6.0,0.0,55.0,42.0,10.0,0.0,104.0,4.0,4.0,2.0,10.0,0.0,0.0,4.0,0.0,0.0,36.0,56.0,15.0,Yes
org.apache.livy.rsc.RSCClient.ClientProtocol.submit.(Anon_6),(Anon_6),Anonymous Class,4.0,0.0,5.0,0.0,1.0,5.0,1.0,1.0,0.0,0.0,10.0,0.0,0.0,9.0,9.0,0.0,2.0,0.0,0.0,8.0,3.0,2.0,0.0,11.0,1.0,2.0,0.0,2.0,0.0,0.0,0.0,0.0,2.0,3.0,5.0,2.0,Yes
org.apache.livy.rsc.RSCClient.ClientProtocol.submit.(Anon_7),(Anon_7),Anonymous Class,1.0,0.0,9.0,0.0,3.0,9.0,1.0,0.0,0.0,0.0,10.0,0.0,0.0,4.0,4.0,0.0,1.0,0.0,0.0,7.0,4.0,1.0,0.0,10.0,3.0,2.0,1.0,1.0,0.0,0.0,0.0,0.0,1.0,2.0,5.0,3.0,Yes
org.apache.livy.rsc.RSCClient.RSCClient.(Anon_1),(Anon_1),Anonymous Class,4.0,0.0,6.0,1.0,1.0,6.0,1.0,1.0,0.0,0.0,13.0,1.0,0.08,7.0,7.0,2.0,3.0,0.0,0.0,11.0,5.0,2.0,0.0,14.0,1.0,2.0,0.0,2.0,0.0,0.0,0.0,0.0,2.0,5.0,7.0,2.0,Yes
org.apache.livy.rsc.RSCClient.connectToContext.(Anon_2),(Anon_2),Anonymous Class,4.0,0.0,11.0,1.0,1.0,11.0,1.0,1.0,0.0,0.0,23.0,1.0,0.04,7.0,7.0,0.0,3.0,0.0,0.0,19.0,9.0,2.0,0.0,24.0,1.0,2.0,0.0,2.0,0.0,0.0,0.0,0.0,2.0,7.0,12.0,2.0,Yes
org.apache.livy.rsc.RSCClient.connectToContext.(Anon_2).onSuccess.(Anon_3),(Anon_3),Anonymous Class,3.0,0.0,9.0,1.0,3.0,9.0,1.0,0.0,0.0,0.0,10.0,1.0,0.1,4.0,4.0,0.0,1.0,0.0,0.0,8.0,4.0,1.0,0.0,10.0,3.0,2.0,2.0,1.0,0.0,0.0,0.0,0.0,1.0,2.0,5.0,3.0,Yes
org.apache.livy.rsc.RSCClient.deferredCall.(Anon_4),(Anon_4),Anonymous Class,4.0,0.0,4.0,0.0,1.0,4.0,1.0,1.0,0.0,0.0,9.0,0.0,0.0,4.0,4.0,1.0,2.0,0.0,0.0,7.0,2.0,2.0,0.0,10.0,1.0,2.0,0.0,2.0,0.0,0.0,0.0,0.0,2.0,2.0,4.0,2.0,Yes
org.apache.livy.rsc.RSCClient.deferredCall.(Anon_5),(Anon_5),Anonymous Class,4.0,0.0,4.0,0.0,1.0,4.0,1.0,1.0,0.0,0.0,9.0,0.0,0.0,6.0,6.0,0.0,2.0,0.0,0.0,7.0,2.0,2.0,0.0,10.0,1.0,2.0,0.0,2.0,0.0,0.0,0.0,0.0,2.0,2.0,4.0,2.0,Yes
org.apache.livy.rsc.RSCConf.(Anon_1),(Anon_1),Anonymous Class,0.0,0.0,0.0,0.0,0.0,0.0,1.0,0.0,0.0,0.0,11.0,0.0,0.0,3.0,3.0,1.0,0.0,0.0,0.0,11.0,10.0,0.0,0.0,11.0,0.0,2.0,0.0,0.0,0.0,0.0,0.0,0.0,0.0,10.0,10.0,0.0,No
org.apache.livy.rsc.RSCConf.DepConf,DepConf,Enum Type,7.0,0.0,2.0,0.0,1.0,2.0,2.0,6.0,0.0,0.0,29.0,0.0,0.0,3.0,3.0,22.0,9.0,0.0,0.0,7.0,7.0,7.0,13.0,35.0,1.0,1.0,0.0,7.0,,,2.0,0.0,5.0,11.0,16.0,5.0,No
org.apache.livy.rsc.Utils.addListener.(Anon_2),(Anon_2),Anonymous Class,1.0,0.0,8.0,0.0,2.0,8.0,1.0,0.0,0.0,0.0,9.0,0.0,0.0,5.0,5.0,0.0,1.0,0.0,0.0,7.0,3.0,1.0,0.0,9.0,2.0,2.0,1.0,1.0,0.0,0.0,0.0,0.0,1.0,2.0,4.0,2.0,No
org.apache.livy.rsc.Utils.newDaemonThreadFactory.(Anon_1),(Anon_1),Anonymous Class,1.0,0.0,7.0,0.0,1.0,7.0,1.0,2.0,0.0,0.0,9.0,0.0,0.0,6.0,6.0,1.0,3.0,0.0,0.0,8.0,5.0,1.0,1.0,11.0,1.0,2.0,0.0,1.0,0.0,0.0,0.0,0.0,1.0,5.0,6.0,1.0,No
org.apache.livy.rsc.driver.TestRSCDriver,TestRSCDriver,Public Class,1.0,0.0,7.0,2.0,1.0,9.0,1.0,0.0,0.0,0.0,9.0,2.0,0.22,7.0,7.0,5.0,3.0,0.0,0.0,3.0,3.0,1.0,0.0,11.0,1.0,1.0,0.0,1.0,0.0,0.0,0.0,0.0,1.0,3.0,5.0,1.0,No
org.apache.livy.rsc.rpc.TestKryoMessageCodec,TestKryoMessageCodec,Public Class,11.0,1.0,11.0,1.0,2.0,13.0,1.0,38.0,0.0,1.0,157.0,6.0,0.04,15.0,15.0,61.0,54.0,0.0,0.0,93.0,83.0,11.0,0.0,201.0,3.0,1.0,1.0,11.0,0.0,0.0,2.0,0.0,9.0,84.0,116.0,19.0,No
org.apache.livy.rsc.rpc.TestKryoMessageCodec.TestEncryptionHandler,TestEncryptionHandler,Private Static Class,5.0,0.0,4.0,0.0,2.0,4.0,2.0,9.0,0.0,1.0,24.0,0.0,0.0,1.0,1.0,10.0,11.0,1.0,0.0,9.0,8.0,5.0,2.0,33.0,2.0,1.0,1.0,5.0,60.0,60.0,1.0,0.0,3.0,12.0,19.0,8.0,No
org.apache.livy.rsc.rpc.TestKryoMessageCodec.TestMessage,TestMessage,Private Static Class,2.0,0.0,3.0,0.0,1.0,3.0,1.0,2.0,0.0,0.0,9.0,0.0,0.0,0.0,0.0,4.0,4.0,2.0,0.0,2.0,2.0,2.0,1.0,11.0,1.0,1.0,0.0,2.0,50.0,0.0,0.0,0.0,0.0,3.0,6.0,2.0,No
org.apache.livy.rsc.rpc.TestRpc,TestRpc,Public Class,13.0,1.0,13.0,1.0,2.0,15.0,1.0,56.0,0.0,1.0,224.0,9.0,0.04,32.0,32.0,101.0,88.0,0.0,0.0,140.0,117.0,13.0,2.0,289.0,3.0,1.0,1.0,13.0,58.0,23.0,4.0,0.0,9.0,122.0,161.0,21.0,No
org.apache.livy.rsc.rpc.TestRpc.ErrorCall,ErrorCall,Private Static Class,2.0,0.0,3.0,0.0,1.0,3.0,1.0,4.0,0.0,0.0,9.0,0.0,0.0,1.0,1.0,4.0,4.0,0.0,0.0,2.0,2.0,2.0,1.0,13.0,1.0,1.0,0.0,2.0,50.0,0.0,0.0,0.0,2.0,3.0,6.0,2.0,No
org.apache.livy.rsc.rpc.TestRpc.NotDeserializable,NotDeserializable,Private Static Class,1.0,1.0,2.0,0.0,1.0,3.0,1.0,3.0,0.0,0.0,4.0,0.0,0.0,0.0,0.0,2.0,2.0,1.0,0.0,0.0,0.0,1.0,0.0,7.0,1.0,1.0,0.0,1.0,0.0,0.0,0.0,0.0,0.0,0.0,2.0,1.0,No
org.apache.livy.rsc.rpc.TestRpc.ServerRpcCallback,ServerRpcCallback,Private Static Class,2.0,0.0,5.0,0.0,1.0,5.0,2.0,3.0,0.0,0.0,15.0,0.0,0.0,5.0,5.0,8.0,6.0,0.0,0.0,6.0,6.0,2.0,3.0,18.0,1.0,1.0,0.0,2.0,50.0,50.0,0.0,0.0,2.0,7.0,10.0,2.0,No
org.apache.livy.rsc.rpc.TestRpc.TestDispatcher,TestDispatcher,Private Static Class,14.0,0.0,3.0,0.0,1.0,3.0,1.0,3.0,0.0,0.0,10.0,1.0,0.1,5.0,5.0,4.0,4.0,0.0,0.0,2.0,2.0,3.0,0.0,14.0,1.0,3.0,0.0,3.0,0.0,0.0,0.0,3.0,0.0,2.0,6.0,3.0,No
org.apache.livy.rsc.rpc.TestRpc.TestMessage,TestMessage,Private Static Class,2.0,0.0,3.0,0.0,1.0,3.0,1.0,4.0,0.0,0.0,9.0,0.0,0.0,1.0,1.0,4.0,4.0,0.0,0.0,2.0,2.0,2.0,1.0,13.0,1.0,1.0,0.0,2.0,50.0,0.0,0.0,0.0,2.0,3.0,6.0,2.0,No
org.apache.livy.rsc.rpc.TestRpc.testCloseListener.(Anon_1),(Anon_1),Anonymous Class,3.0,0.0,4.0,0.0,1.0,4.0,1.0,0.0,0.0,0.0,5.0,0.0,0.0,3.0,3.0,0.0,1.0,0.0,0.0,4.0,1.0,1.0,0.0,5.0,1.0,2.0,0.0,1.0,0.0,0.0,0.0,0.0,1.0,1.0,2.0,1.0,No
org.apache.livy.rsc.TestJobHandle,TestJobHandle,Public Class,4.0,3.0,11.0,0.0,1.0,14.0,1.0,16.0,0.0,0.0,52.0,0.0,0.0,12.0,12.0,20.0,15.0,0.0,0.0,33.0,33.0,4.0,4.0,68.0,1.0,1.0,0.0,4.0,19.0,19.0,0.0,0.0,4.0,37.0,42.0,4.0,No
org.apache.livy.rsc.TestSparkClient,TestSparkClient,Public Class,29.0,1.0,14.0,1.0,1.0,17.0,1.0,84.0,0.0,2.0,477.0,43.0,0.09,31.0,31.0,133.0,123.0,0.0,0.0,337.0,234.0,29.0,0.0,603.0,5.0,1.0,2.0,29.0,0.0,0.0,9.0,0.0,20.0,223.0,303.0,38.0,Yes
org.apache.livy.rsc.TestSparkClient.SharedVariableTest,SharedVariableTest,Private Static Class,1.0,7.0,20.0,0.0,2.0,27.0,2.0,8.0,0.0,0.0,22.0,0.0,0.0,6.0,6.0,5.0,4.0,0.0,0.0,16.0,14.0,1.0,0.0,30.0,2.0,1.0,1.0,1.0,0.0,0.0,0.0,0.0,1.0,14.0,17.0,2.0,Yes
org.apache.livy.rsc.TestSparkClient.SparkStreamingJob,SparkStreamingJob,Private Static Class,1.0,1.0,25.0,3.0,4.0,29.0,2.0,1.0,0.0,0.0,27.0,3.0,0.11,6.0,6.0,5.0,4.0,0.0,0.0,19.0,16.0,1.0,0.0,31.0,4.0,1.0,1.0,1.0,0.0,0.0,0.0,0.0,1.0,13.0,18.0,4.0,Yes
org.apache.livy.rsc.TestSparkClient.TestFunction,TestFunction,Private Static Abstract Class,2.0,0.0,1.0,0.0,1.0,1.0,1.0,0.0,0.0,0.0,4.0,0.0,0.0,3.0,3.0,3.0,3.0,2.0,16.0,0.0,0.0,2.0,0.0,4.0,1.0,1.0,0.0,2.0,0.0,0.0,0.0,0.0,0.0,1.0,3.0,1.0,Yes
org.apache.livy.rsc.TestSparkClient.runBypassCancellationTest.(Anon_18),(Anon_18),Anonymous Class,3.0,3.0,17.0,0.0,2.0,20.0,1.0,3.0,0.0,0.0,18.0,0.0,0.0,12.0,12.0,6.0,6.0,0.0,0.0,16.0,11.0,1.0,0.0,21.0,2.0,2.0,1.0,1.0,0.0,0.0,0.0,0.0,1.0,11.0,13.0,2.0,Yes
org.apache.livy.rsc.TestSparkClient.runBypassTest.(Anon_17),(Anon_17),Anonymous Class,3.0,3.0,25.0,2.0,4.0,30.0,1.0,3.0,0.0,0.0,26.0,2.0,0.08,12.0,12.0,9.0,10.0,0.0,0.0,23.0,17.0,1.0,0.0,31.0,4.0,2.0,2.0,1.0,0.0,0.0,0.0,0.0,1.0,17.0,21.0,4.0,Yes
org.apache.livy.rsc.TestSparkClient.testAddJarsAndFiles.(Anon_8),(Anon_8),Anonymous Class,3.0,8.0,34.0,7.0,3.0,49.0,1.0,8.0,0.0,0.0,35.0,7.0,0.2,11.0,11.0,6.0,6.0,0.0,0.0,31.0,21.0,1.0,0.0,50.0,3.0,2.0,2.0,1.0,0.0,0.0,0.0,0.0,1.0,20.0,24.0,3.0,Yes
org.apache.livy.rsc.TestSparkClient.testConnectToRunningContext.(Anon_13),(Anon_13),Anonymous Class,3.0,2.0,14.0,2.0,1.0,18.0,1.0,2.0,0.0,0.0,15.0,2.0,0.13,9.0,9.0,5.0,5.0,1.0,0.0,13.0,7.0,1.0,0.0,19.0,1.0,2.0,1.0,1.0,0.0,0.0,0.0,0.0,0.0,6.0,8.0,1.0,Yes
org.apache.livy.rsc.TestSparkClient.testHiveJob.(Anon_10),(Anon_10),Anonymous Class,3.0,0.0,8.0,0.0,1.0,8.0,1.0,0.0,0.0,0.0,9.0,0.0,0.0,7.0,7.0,2.0,3.0,1.0,0.0,8.0,4.0,1.0,0.0,9.0,1.0,2.0,0.0,1.0,0.0,0.0,0.0,0.0,0.0,4.0,5.0,1.0,Yes
org.apache.livy.rsc.TestSparkClient.testImpersonation.(Anon_12),(Anon_12),Anonymous Class,4.0,0.0,5.0,0.0,1.0,5.0,1.0,1.0,0.0,0.0,11.0,0.0,0.0,10.0,10.0,2.0,4.0,2.0,0.0,9.0,4.0,2.0,0.0,12.0,1.0,2.0,0.0,2.0,0.0,0.0,0.0,0.0,0.0,4.0,6.0,2.0,Yes
org.apache.livy.rsc.TestSparkClient.testJobFailure.(Anon_5),(Anon_5),Anonymous Class,3.0,2.0,16.0,3.0,2.0,21.0,1.0,2.0,0.0,0.0,17.0,3.0,0.18,13.0,13.0,2.0,3.0,0.0,0.0,15.0,10.0,1.0,0.0,22.0,2.0,2.0,1.0,1.0,0.0,0.0,0.0,0.0,1.0,9.0,11.0,2.0,Yes
org.apache.livy.rsc.TestSparkClient.testJobSubmission.(Anon_1),(Anon_1),Anonymous Class,3.0,2.0,10.0,3.0,1.0,15.0,1.0,2.0,0.0,0.0,11.0,3.0,0.27,11.0,11.0,2.0,3.0,0.0,0.0,10.0,7.0,1.0,0.0,16.0,1.0,2.0,0.0,1.0,0.0,0.0,0.0,0.0,1.0,7.0,8.0,1.0,Yes
org.apache.livy.rsc.TestSparkClient.testKillServerWhileSparkSubmitIsRunning.(Anon_15),(Anon_15),Anonymous Class,1.0,0.0,5.0,0.0,1.0,5.0,1.0,0.0,0.0,0.0,6.0,0.0,0.0,5.0,5.0,0.0,1.0,0.0,0.0,5.0,2.0,1.0,0.0,6.0,1.0,2.0,0.0,1.0,0.0,0.0,0.0,0.0,1.0,2.0,3.0,1.0,Yes
org.apache.livy.rsc.TestSparkClient.testKillServerWhileSparkSubmitIsRunning.(Anon_16),(Anon_16),Anonymous Class,1.0,0.0,5.0,0.0,1.0,5.0,1.0,0.0,0.0,0.0,6.0,0.0,0.0,5.0,5.0,0.0,1.0,0.0,0.0,5.0,2.0,1.0,0.0,6.0,1.0,2.0,0.0,1.0,0.0,0.0,0.0,0.0,1.0,2.0,3.0,1.0,Yes
org.apache.livy.rsc.TestSparkClient.testRemoteClient.(Anon_7),(Anon_7),Anonymous Class,3.0,0.0,5.0,0.0,1.0,5.0,1.0,0.0,0.0,0.0,6.0,0.0,0.0,7.0,7.0,1.0,2.0,0.0,0.0,5.0,2.0,1.0,0.0,6.0,1.0,2.0,0.0,1.0,0.0,0.0,0.0,0.0,1.0,2.0,3.0,1.0,Yes
org.apache.livy.rsc.TestSparkClient.testRemoveSharedVariableWithLRU.(Anon_4),(Anon_4),Anonymous Class,3.0,0.0,5.0,0.0,1.0,5.0,1.0,0.0,0.0,0.0,6.0,0.0,0.0,6.0,6.0,1.0,2.0,1.0,0.0,5.0,2.0,1.0,0.0,6.0,1.0,2.0,0.0,1.0,0.0,0.0,0.0,0.0,0.0,2.0,3.0,1.0,Yes
org.apache.livy.rsc.TestSparkClient.testServerIdleTimeout.(Anon_14),(Anon_14),Anonymous Class,4.0,1.0,11.0,3.0,2.0,15.0,1.0,3.0,0.0,0.0,23.0,6.0,0.26,9.0,9.0,3.0,4.0,2.0,0.0,19.0,9.0,2.0,0.0,32.0,3.0,2.0,2.0,2.0,0.0,0.0,0.0,0.0,0.0,7.0,11.0,4.0,Yes
org.apache.livy.rsc.TestSparkClient.testSharedVariable.(Anon_3),(Anon_3),Anonymous Class,3.0,0.0,7.0,0.0,2.0,7.0,1.0,0.0,0.0,0.0,8.0,0.0,0.0,7.0,7.0,1.0,3.0,1.0,0.0,6.0,4.0,1.0,0.0,8.0,2.0,2.0,1.0,1.0,0.0,0.0,0.0,0.0,0.0,4.0,6.0,2.0,Yes
org.apache.livy.rsc.TestSparkClient.testSimpleSparkJob.(Anon_2),(Anon_2),Anonymous Class,3.0,0.0,5.0,0.0,1.0,5.0,1.0,0.0,0.0,0.0,6.0,0.0,0.0,7.0,7.0,1.0,2.0,0.0,0.0,5.0,2.0,1.0,0.0,6.0,1.0,2.0,0.0,1.0,0.0,0.0,0.0,0.0,1.0,2.0,3.0,1.0,Yes
org.apache.livy.rsc.TestSparkClient.testSparkSQLJob.(Anon_9),(Anon_9),Anonymous Class,3.0,0.0,8.0,0.0,1.0,8.0,1.0,0.0,0.0,0.0,9.0,0.0,0.0,7.0,7.0,2.0,3.0,1.0,0.0,8.0,4.0,1.0,0.0,9.0,1.0,2.0,0.0,1.0,0.0,0.0,0.0,0.0,0.0,4.0,5.0,1.0,Yes
org.apache.livy.rsc.TestSparkClient.testStreamingContext.(Anon_11),(Anon_11),Anonymous Class,3.0,0.0,6.0,0.0,1.0,6.0,1.0,0.0,0.0,0.0,7.0,0.0,0.0,7.0,7.0,2.0,3.0,1.0,0.0,6.0,3.0,1.0,0.0,7.0,1.0,2.0,0.0,1.0,0.0,0.0,0.0,0.0,0.0,3.0,4.0,1.0,Yes
org.apache.livy.rsc.TestSparkClient.testSyncRpc.(Anon_6),(Anon_6),Anonymous Class,3.0,0.0,5.0,0.0,1.0,5.0,1.0,0.0,0.0,0.0,6.0,0.0,0.0,6.0,6.0,1.0,2.0,0.0,0.0,5.0,2.0,1.0,0.0,6.0,1.0,2.0,0.0,1.0,0.0,0.0,0.0,0.0,1.0,2.0,3.0,1.0,Yes
org.apache.livy.test.jobs.Sleeper,Sleeper,Public Class,2.0,0.0,4.0,0.0,1.0,4.0,2.0,4.0,0.0,0.0,11.0,0.0,0.0,4.0,4.0,5.0,4.0,0.0,0.0,3.0,3.0,2.0,1.0,15.0,1.0,1.0,0.0,2.0,0.0,0.0,0.0,0.0,2.0,4.0,7.0,2.0,No
org.apache.livy.test.jobs.Echo,Echo,Public Generic Class,2.0,0.0,4.0,0.0,1.0,4.0,2.0,4.0,0.0,0.0,10.0,0.0,0.0,2.0,2.0,5.0,4.0,0.0,0.0,2.0,2.0,2.0,1.0,14.0,1.0,1.0,0.0,2.0,0.0,0.0,0.0,0.0,2.0,3.0,6.0,2.0,No
org.apache.livy.test.jobs.FileReader,FileReader,Public Class,2.0,0.0,4.0,0.0,1.0,4.0,2.0,7.0,0.0,0.0,39.0,0.0,0.0,5.0,5.0,15.0,13.0,0.0,0.0,19.0,16.0,2.0,2.0,46.0,1.0,1.0,0.0,2.0,50.0,50.0,0.0,0.0,2.0,17.0,26.0,2.0,No
org.apache.livy.test.jobs.SQLGetTweets,SQLGetTweets,Public Class,2.0,2.0,15.0,1.0,3.0,17.0,2.0,7.0,0.0,0.0,32.0,1.0,0.03,16.0,16.0,15.0,14.0,0.0,0.0,20.0,18.0,2.0,1.0,40.0,4.0,1.0,1.0,2.0,0.0,0.0,0.0,0.0,2.0,18.0,24.0,5.0,No
org.apache.livy.test.jobs.GetCurrentUser,GetCurrentUser,Public Class,1.0,0.0,4.0,0.0,1.0,4.0,2.0,2.0,0.0,0.0,6.0,0.0,0.0,5.0,5.0,3.0,2.0,0.0,0.0,1.0,1.0,1.0,0.0,8.0,1.0,1.0,0.0,1.0,0.0,0.0,0.0,0.0,1.0,1.0,3.0,1.0,No
org.apache.livy.test.jobs.Failure,Failure,Public Class,1.0,0.0,4.0,0.0,1.0,4.0,2.0,4.0,0.0,0.0,8.0,0.0,0.0,4.0,4.0,4.0,3.0,0.0,0.0,1.0,1.0,1.0,0.0,12.0,1.0,1.0,0.0,1.0,0.0,0.0,0.0,0.0,1.0,1.0,4.0,1.0,No
org.apache.livy.test.jobs.Failure.JobFailureException,JobFailureException,Public Static Class,0.0,0.0,0.0,0.0,0.0,0.0,1.0,1.0,0.0,0.0,2.0,0.0,0.0,0.0,0.0,1.0,1.0,0.0,0.0,0.0,0.0,0.0,0.0,3.0,0.0,2.0,0.0,0.0,0.0,0.0,0.0,0.0,0.0,0.0,1.0,0.0,No
org.apache.livy.test.jobs.SmallCount,SmallCount,Public Class,2.0,1.0,7.0,0.0,2.0,8.0,2.0,6.0,0.0,0.0,16.0,0.0,0.0,6.0,6.0,8.0,8.0,0.0,0.0,7.0,8.0,2.0,1.0,22.0,2.0,1.0,1.0,2.0,0.0,0.0,0.0,0.0,2.0,9.0,13.0,3.0,No
org.apache.livy.test.jobs.SharedVariableCounter,SharedVariableCounter,Public Class,2.0,2.0,8.0,0.0,2.0,9.0,2.0,6.0,0.0,0.0,18.0,0.0,0.0,5.0,5.0,7.0,6.0,0.0,0.0,9.0,6.0,2.0,1.0,24.0,2.0,1.0,1.0,2.0,0.0,0.0,0.0,0.0,2.0,8.0,12.0,3.0,No
org.apache.livy.test.apps.FailingApp,FailingApp,Public Class,1.0,2.0,10.0,0.0,2.0,12.0,1.0,4.0,1.0,0.0,12.0,0.0,0.0,7.0,7.0,5.0,5.0,0.0,0.0,7.0,6.0,0.0,0.0,16.0,2.0,1.0,1.0,1.0,0.0,0.0,0.0,0.0,1.0,6.0,9.0,2.0,No
org.apache.livy.test.apps.SimpleSparkApp,SimpleSparkApp,Public Class,1.0,4.0,26.0,0.0,5.0,30.0,1.0,9.0,1.0,0.0,34.0,0.0,0.0,9.0,9.0,12.0,9.0,0.0,0.0,20.0,14.0,0.0,0.0,43.0,5.0,1.0,3.0,1.0,0.0,0.0,0.0,0.0,1.0,11.0,20.0,5.0,No
org.apache.livy.test.apps.SimpleSparkApp.Counter,Counter,Private Static Class,1.0,0.0,4.0,0.0,1.0,4.0,2.0,2.0,0.0,0.0,6.0,0.0,0.0,4.0,4.0,3.0,2.0,0.0,0.0,1.0,1.0,1.0,0.0,8.0,1.0,1.0,0.0,1.0,0.0,0.0,0.0,0.0,1.0,1.0,3.0,1.0,No
org.apache.livy.test.jobs.FileReader.Reader,Reader,Private Class,1.0,0.0,25.0,0.0,4.0,25.0,2.0,2.0,0.0,0.0,27.0,0.0,0.0,11.0,11.0,9.0,8.0,0.0,0.0,16.0,13.0,1.0,0.0,29.0,4.0,1.0,2.0,1.0,0.0,0.0,0.0,0.0,1.0,12.0,18.0,4.0,No
org.apache.livy.test.jobs.VoidJob,VoidJob,Public Class,1.0,0.0,4.0,0.0,1.0,4.0,2.0,0.0,0.0,0.0,6.0,0.0,0.0,3.0,3.0,3.0,2.0,0.0,0.0,1.0,1.0,1.0,0.0,6.0,1.0,1.0,0.0,1.0,0.0,0.0,0.0,0.0,1.0,1.0,3.0,1.0,No
org.apache.livy.test.jobs.spark2.DatasetTest,DatasetTest,Public Class,1.0,3.0,21.0,0.0,1.0,24.0,2.0,4.0,0.0,0.0,23.0,0.0,0.0,12.0,12.0,10.0,9.0,0.0,0.0,16.0,8.0,1.0,0.0,27.0,1.0,1.0,0.0,1.0,0.0,0.0,0.0,0.0,1.0,8.0,12.0,1.0,No
org.apache.livy.test.jobs.spark2.DatasetTest.call.(Anon_1),(Anon_1),Anonymous Class,1.0,0.0,3.0,0.0,1.0,3.0,1.0,0.0,0.0,0.0,4.0,0.0,0.0,4.0,4.0,0.0,1.0,0.0,0.0,3.0,1.0,1.0,0.0,4.0,1.0,2.0,0.0,1.0,0.0,0.0,0.0,0.0,1.0,1.0,2.0,1.0,No
org.apache.livy.test.jobs.spark2.DatasetTest.call.(Anon_2),(Anon_2),Anonymous Class,1.0,0.0,4.0,0.0,1.0,4.0,1.0,0.0,0.0,0.0,5.0,0.0,0.0,3.0,3.0,0.0,1.0,0.0,0.0,4.0,1.0,1.0,0.0,5.0,1.0,2.0,0.0,1.0,0.0,0.0,0.0,0.0,1.0,1.0,2.0,1.0,No
org.apache.livy.test.jobs.spark2.SparkSessionTest,SparkSessionTest,Public Class,1.0,1.0,6.0,1.0,1.0,8.0,2.0,2.0,0.0,0.0,8.0,1.0,0.13,7.0,7.0,5.0,4.0,0.0,0.0,3.0,3.0,1.0,0.0,11.0,1.0,1.0,0.0,1.0,0.0,0.0,0.0,0.0,1.0,3.0,5.0,1.0,No
org.apache.livy.thriftserver.session.CatalogJobState,CatalogJobState,Public Class,1.0,0.0,3.0,0.0,1.0,3.0,1.0,1.0,0.0,0.0,6.0,0.0,0.0,1.0,1.0,3.0,3.0,0.0,0.0,1.0,1.0,1.0,1.0,7.0,1.0,1.0,0.0,1.0,0.0,0.0,0.0,0.0,1.0,2.0,4.0,1.0,No
org.apache.livy.thriftserver.session.CleanupStatementJob,CleanupStatementJob,Public Class,3.0,0.0,4.0,0.0,1.0,4.0,2.0,5.0,0.0,0.0,16.0,3.0,0.19,5.0,5.0,8.0,7.0,0.0,0.0,5.0,5.0,3.0,2.0,24.0,1.0,1.0,0.0,3.0,33.0,0.0,0.0,0.0,3.0,7.0,11.0,3.0,No
org.apache.livy.thriftserver.session.ThriftSessionState,ThriftSessionState,Class,11.0,0.0,6.0,0.0,2.0,7.0,1.0,14.0,4.0,2.0,79.0,5.0,0.06,12.0,12.0,22.0,22.0,7.0,0.0,44.0,38.0,7.0,4.0,98.0,2.0,1.0,1.0,11.0,79.0,67.0,4.0,0.0,0.0,36.0,55.0,17.0,No
org.apache.livy.thriftserver.session.ColumnBuffer,ColumnBuffer,Public Class,14.0,1.0,22.0,1.0,7.0,25.0,1.0,35.0,0.0,3.0,330.0,22.0,0.07,10.0,10.0,39.0,39.0,0.0,0.0,263.0,188.0,14.0,12.0,387.0,19.0,1.0,2.0,14.0,49.0,48.0,5.0,0.0,9.0,183.0,224.0,108.0,Yes
org.apache.livy.thriftserver.session.DataType,DataType,Public Enum Type,2.0,0.0,0.0,0.0,0.0,0.0,1.0,2.0,0.0,0.0,14.0,4.0,0.29,0.0,0.0,13.0,1.0,0.0,0.0,0.0,0.0,2.0,12.0,20.0,0.0,1.0,0.0,2.0,,,0.0,0.0,2.0,1.0,1.0,0.0,No
org.apache.livy.thriftserver.session.FetchResultJob,FetchResultJob,Public Class,3.0,1.0,9.0,0.0,2.0,9.0,2.0,7.0,0.0,0.0,31.0,3.0,0.1,8.0,8.0,15.0,15.0,0.0,0.0,17.0,15.0,3.0,3.0,41.0,3.0,1.0,2.0,3.0,33.0,0.0,0.0,0.0,3.0,20.0,26.0,5.0,No
org.apache.livy.thriftserver.session.ResultSet,ResultSet,Public Class,6.0,0.0,11.0,2.0,3.0,13.0,1.0,9.0,0.0,0.0,67.0,15.0,0.22,17.0,17.0,15.0,17.0,0.0,0.0,46.0,35.0,6.0,1.0,91.0,8.0,1.0,2.0,6.0,33.0,33.0,2.0,0.0,4.0,30.0,48.0,20.0,No
org.apache.livy.thriftserver.session.StatementState,StatementState,Class,1.0,0.0,5.0,0.0,1.0,5.0,1.0,2.0,0.0,0.0,10.0,3.0,0.3,5.0,5.0,5.0,5.0,1.0,0.0,3.0,3.0,1.0,3.0,15.0,1.0,1.0,0.0,1.0,0.0,0.0,0.0,0.0,0.0,6.0,8.0,1.0,No
org.apache.livy.thriftserver.session.FetchResultSchemaJob,FetchResultSchemaJob,Public Class,3.0,0.0,4.0,0.0,1.0,4.0,2.0,5.0,0.0,0.0,16.0,3.0,0.19,5.0,5.0,8.0,7.0,0.0,0.0,5.0,5.0,3.0,2.0,24.0,1.0,1.0,0.0,3.0,33.0,0.0,0.0,0.0,3.0,7.0,11.0,3.0,No
org.apache.livy.thriftserver.session.GetColumnsJob,GetColumnsJob,Public Class,8.0,1.0,29.0,7.0,5.0,29.0,1.0,3.0,0.0,0.0,62.0,13.0,0.21,11.0,11.0,20.0,15.0,0.0,0.0,41.0,16.0,2.0,3.0,65.0,8.0,2.0,4.0,2.0,0.0,0.0,0.0,1.0,1.0,16.0,26.0,9.0,No
org.apache.livy.thriftserver.session.SparkCatalogJob,SparkCatalogJob,Public Abstract Class,6.0,0.0,8.0,5.0,2.0,13.0,2.0,8.0,0.0,1.0,46.0,24.0,0.52,11.0,11.0,16.0,15.0,0.0,4.0,25.0,18.0,6.0,3.0,78.0,2.0,1.0,1.0,6.0,60.0,60.0,1.0,3.0,2.0,21.0,30.0,8.0,No
org.apache.livy.thriftserver.session.SparkUtils,SparkUtils,Final Class,6.0,0.0,26.0,4.0,10.0,31.0,1.0,6.0,6.0,0.0,160.0,30.0,0.19,22.0,22.0,13.0,15.0,0.0,0.0,138.0,114.0,0.0,0.0,196.0,17.0,1.0,2.0,6.0,0.0,0.0,0.0,0.0,6.0,75.0,127.0,57.0,No
org.apache.livy.thriftserver.session.GetFunctionsJob,GetFunctionsJob,Public Class,9.0,1.0,20.0,3.0,4.0,24.0,1.0,5.0,0.0,1.0,65.0,10.0,0.15,11.0,11.0,22.0,18.0,0.0,0.0,41.0,30.0,3.0,2.0,80.0,8.0,2.0,4.0,3.0,33.0,33.0,1.0,1.0,1.0,26.0,41.0,13.0,No
org.apache.livy.thriftserver.session.GetSchemasJob,GetSchemasJob,Public Class,8.0,0.0,10.0,0.0,2.0,10.0,1.0,2.0,0.0,0.0,23.0,0.0,0.0,7.0,7.0,11.0,7.0,0.0,0.0,10.0,7.0,2.0,1.0,25.0,2.0,2.0,1.0,2.0,0.0,0.0,0.0,1.0,1.0,7.0,12.0,3.0,No
org.apache.livy.thriftserver.session.GetTablesJob,GetTablesJob,Public Class,9.0,0.0,17.0,0.0,4.0,17.0,1.0,4.0,0.0,0.0,60.0,0.0,0.0,13.0,13.0,23.0,16.0,0.0,0.0,32.0,24.0,3.0,3.0,64.0,5.0,2.0,3.0,3.0,33.0,33.0,1.0,1.0,1.0,18.0,34.0,12.0,No
org.apache.livy.thriftserver.session.GetTablesJob.ClassicTableTypes,ClassicTableTypes,Private Enum Type,2.0,0.0,0.0,0.0,0.0,0.0,1.0,0.0,0.0,0.0,4.0,0.0,0.0,0.0,0.0,3.0,1.0,0.0,0.0,0.0,0.0,2.0,2.0,4.0,0.0,1.0,0.0,2.0,,,0.0,0.0,2.0,0.0,1.0,0.0,No
org.apache.livy.thriftserver.session.RegisterSessionJob,RegisterSessionJob,Public Class,3.0,0.0,4.0,0.0,1.0,4.0,2.0,3.0,0.0,0.0,14.0,4.0,0.29,6.0,6.0,6.0,5.0,0.0,0.0,4.0,4.0,3.0,1.0,21.0,1.0,1.0,0.0,3.0,33.0,0.0,0.0,0.0,3.0,5.0,9.0,3.0,No
org.apache.livy.thriftserver.session.ScalaIterator,ScalaIterator,Generic Class,4.0,0.0,4.0,0.0,1.0,4.0,2.0,6.0,0.0,0.0,18.0,3.0,0.17,3.0,3.0,9.0,6.0,1.0,0.0,4.0,4.0,4.0,1.0,27.0,1.0,1.0,0.0,4.0,25.0,25.0,0.0,0.0,3.0,5.0,10.0,4.0,No
org.apache.livy.thriftserver.session.SqlJob,SqlJob,Public Class,4.0,1.0,10.0,1.0,1.0,11.0,2.0,8.0,0.0,0.0,47.0,5.0,0.11,11.0,11.0,23.0,16.0,0.0,0.0,23.0,20.0,4.0,5.0,60.0,2.0,1.0,1.0,4.0,40.0,0.0,1.0,0.0,3.0,24.0,31.0,5.0,No
org.apache.livy.thriftserver.session.UnregisterSessionJob,UnregisterSessionJob,Public Class,3.0,0.0,5.0,0.0,1.0,5.0,2.0,6.0,0.0,0.0,17.0,3.0,0.18,6.0,6.0,6.0,5.0,0.0,0.0,6.0,6.0,3.0,1.0,26.0,2.0,1.0,1.0,3.0,33.0,0.0,0.0,0.0,3.0,6.0,11.0,4.0,No
org.apache.livy.thriftserver.session.ColumnBufferTest,ColumnBufferTest,Public Class,6.0,4.0,40.0,3.0,6.0,46.0,1.0,47.0,0.0,0.0,292.0,15.0,0.05,27.0,27.0,99.0,104.0,0.0,0.0,225.0,206.0,6.0,0.0,354.0,17.0,1.0,3.0,6.0,0.0,0.0,1.0,0.0,5.0,221.0,282.0,38.0,No
org.apache.livy.thriftserver.session.ColumnBufferTest.NestedBean,NestedBean,Public Static Class,4.0,0.0,1.0,0.0,1.0,1.0,1.0,2.0,0.0,0.0,8.0,0.0,0.0,1.0,1.0,7.0,7.0,0.0,0.0,4.0,4.0,4.0,2.0,10.0,1.0,1.0,0.0,4.0,50.0,50.0,0.0,0.0,4.0,6.0,11.0,4.0,No
org.apache.livy.thriftserver.session.ColumnBufferTest.TestBean,TestBean,Public Static Class,26.0,0.0,1.0,0.0,1.0,1.0,1.0,13.0,0.0,0.0,43.0,0.0,0.0,5.0,5.0,41.0,40.0,0.0,0.0,26.0,26.0,26.0,13.0,56.0,1.0,1.0,0.0,26.0,92.0,92.0,0.0,0.0,26.0,40.0,66.0,26.0,No
org.apache.livy.thriftserver.session.ThriftSessionTest,ThriftSessionTest,Public Class,8.0,3.0,18.0,2.0,1.0,22.0,1.0,30.0,2.0,3.0,147.0,17.0,0.12,29.0,29.0,33.0,30.0,0.0,0.0,123.0,102.0,6.0,0.0,194.0,3.0,1.0,1.0,8.0,75.0,63.0,5.0,0.0,3.0,108.0,119.0,11.0,No
